IdFattura,TipoOrdine
1,Online
2,Negozio
3,Email
4,Email
5,Online
6,Negozio
7,Online
8,Negozio
9,Email
10,Email
11,Online
12,Negozio
13,Negozio
14,Negozio
15,Email
16,Email
17,Online
18,Online
19,Negozio
20,Negozio
21,Online
22,Online
23,Online
24,Email
25,Negozio
26,Email
27,Negozio
28,Email
29,Email
30,Negozio
31,Negozio
32,Email
33,Email
34,Email
35,Email
36,Online
37,Negozio
38,Negozio
39,Email
40,Online
41,Email
42,Negozio
43,Online
44,Negozio
45,Negozio
46,Email
47,Email
48,Negozio
49,Online
50,Negozio
51,Email
52,Online
53,Online
54,Negozio
55,Email
56,Email
57,Email
58,Email
59,Negozio
60,Email
61,Email
62,Email
63,Negozio
64,Negozio
65,Online
66,Online
67,Online
68,Online
69,Online
70,Email
71,Email
72,Negozio
73,Online
74,Negozio
75,Negozio
76,Negozio
77,Email
78,Negozio
79,Email
80,Email
81,Email
82,Negozio
83,Online
84,Negozio
85,Email
86,Email
87,Online
88,Negozio
89,Negozio
90,Email
91,Negozio
92,Online
93,Online
94,Negozio
95,Email
96,Online
97,Negozio
98,Online
99,Email
100,Online
101,Email
102,Online
103,Online
104,Online
105,Online
106,Negozio
107,Online
108,Negozio
109,Online
110,Email
111,Negozio
112,Negozio
113,Online
114,Negozio
115,Online
116,Email
117,Online
118,Negozio
119,Online
120,Negozio
121,Online
122,Online
123,Online
124,Negozio
125,Email
126,Negozio
127,Email
128,Online
129,Negozio
130,Online
131,Online
132,Email
133,Email
134,Negozio
135,Email
136,Negozio
137,Negozio
138,Online
139,Online
140,Email
141,Online
142,Online
143,Online
144,Email
145,Email
146,Email
147,Negozio
148,Email
149,Negozio
150,Online
151,Negozio
152,Negozio
153,Online
154,Negozio
155,Email
156,Online
157,Email
158,Email
159,Negozio
160,Email
161,Negozio
162,Online
163,Online
164,Email
165,Email
166,Negozio
167,Negozio
168,Negozio
169,Email
170,Negozio
171,Online
172,Email
173,Email
174,Email
175,Negozio
176,Email
177,Online
178,Email
179,Online
180,Negozio
181,Negozio
182,Online
183,Negozio
184,Email
185,Online
186,Email
187,Negozio
188,Online
189,Online
190,Online
191,Online
192,Online
193,Online
194,Negozio
195,Email
196,Negozio
197,Online
198,Email
199,Negozio
200,Negozio
201,Online
202,Email
203,Email
204,Negozio
205,Online
206,Negozio
207,Negozio
208,Email
209,Email
210,Email
211,Negozio
212,Online
213,Negozio
214,Negozio
215,Email
216,Email
217,Negozio
218,Online
219,Email
220,Email
221,Negozio
222,Email
223,Email
224,Negozio
225,Online
226,Negozio
227,Online
228,Negozio
229,Negozio
230,Email
231,Online
232,Online
233,Email
234,Negozio
235,Negozio
236,Email
237,Negozio
238,Negozio
239,Online
240,Email
241,Email
242,Negozio
243,Online
244,Online
245,Negozio
246,Negozio
247,Negozio
248,Online
249,Online
250,Negozio
251,Email
252,Negozio
253,Negozio
254,Negozio
255,Negozio
256,Negozio
257,Email
258,Online
259,Online
260,Online
261,Negozio
262,Negozio
263,Negozio
264,Online
265,Email
266,Online
267,Online
268,Email
269,Email
270,Email
271,Online
272,Email
273,Email
274,Email
275,Online
276,Online
277,Online
278,Online
279,Online
280,Online
281,Online
282,Negozio
283,Negozio
284,Negozio
285,Online
286,Email
287,Online
288,Email
289,Email
290,Email
291,Negozio
292,Email
293,Online
294,Negozio
295,Email
296,Email
297,Email
298,Email
299,Negozio
300,Negozio
301,Negozio
302,Email
303,Online
304,Email
305,Negozio
306,Online
307,Online
308,Negozio
309,Email
310,Online
311,Negozio
312,Negozio
313,Negozio
314,Negozio
315,Online
316,Online
317,Negozio
318,Online
319,Online
320,Negozio
321,Negozio
322,Online
323,Negozio
324,Negozio
325,Email
326,Negozio
327,Email
328,Negozio
329,Online
330,Negozio
331,Email
332,Email
333,Negozio
334,Negozio
335,Email
336,Online
337,Negozio
338,Email
339,Online
340,Negozio
341,Email
342,Email
343,Negozio
344,Negozio
345,Online
346,Negozio
347,Negozio
348,Email
349,Negozio
350,Negozio
351,Negozio
352,Negozio
353,Negozio
354,Email
355,Email
356,Email
357,Negozio
358,Negozio
359,Email
360,Online
361,Negozio
362,Negozio
363,Negozio
364,Email
365,Online
366,Email
367,Online
368,Email
369,Online
370,Email
371,Negozio
372,Negozio
373,Online
374,Email
375,Online
376,Email
377,Email
378,Email
379,Email
380,Online
381,Negozio
382,Online
383,Email
384,Email
385,Email
386,Online
387,Negozio
388,Email
389,Online
390,Negozio
391,Email
392,Email
393,Email
394,Negozio
395,Online
396,Negozio
397,Negozio
398,Negozio
399,Online
400,Online
401,Online
402,Negozio
403,Email
404,Online
405,Online
406,Negozio
407,Negozio
408,Negozio
409,Email
410,Online
411,Negozio
412,Online
413,Negozio
414,Negozio
415,Email
416,Online
417,Negozio
418,Online
419,Email
420,Email
421,Email
422,Email
423,Online
424,Online
425,Email
426,Email
427,Email
428,Email
429,Online
430,Email
431,Online
432,Online
433,Negozio
434,Email
435,Negozio
436,Negozio
437,Email
438,Negozio
439,Negozio
440,Email
441,Negozio
442,Negozio
443,Email
444,Negozio
445,Online
446,Negozio
447,Email
448,Negozio
449,Negozio
450,Online
451,Email
452,Email
453,Online
454,Email
455,Email
456,Negozio
457,Email
458,Negozio
459,Online
460,Online
461,Online
462,Email
463,Email
464,Online
465,Email
466,Email
467,Online
468,Negozio
469,Negozio
470,Email
471,Email
472,Email
473,Email
474,Negozio
475,Online
476,Email
477,Negozio
478,Online
479,Negozio
480,Email
481,Online
482,Email
483,Online
484,Negozio
485,Negozio
486,Negozio
487,Negozio
488,Email
489,Online
490,Email
491,Online
492,Email
493,Online
494,Online
495,Email
496,Negozio
497,Email
498,Email
499,Online
500,Email
501,Email
502,Online
503,Email
504,Online
505,Negozio
506,Online
507,Email
508,Email
509,Negozio
510,Email
511,Negozio
512,Online
513,Negozio
514,Negozio
515,Negozio
516,Negozio
517,Online
518,Negozio
519,Negozio
520,Online
521,Negozio
522,Email
523,Online
524,Email
525,Email
526,Negozio
527,Negozio
528,Online
529,Negozio
530,Online
531,Negozio
532,Email
533,Email
534,Email
535,Email
536,Email
537,Email
538,Negozio
539,Negozio
540,Negozio
541,Email
542,Email
543,Negozio
544,Online
545,Online
546,Email
547,Email
548,Online
549,Online
550,Email
551,Email
552,Online
553,Email
554,Negozio
555,Online
556,Negozio
557,Negozio
558,Negozio
559,Negozio
560,Email
561,Email
562,Online
563,Online
564,Negozio
565,Negozio
566,Negozio
567,Online
568,Online
569,Email
570,Online
571,Email
572,Email
573,Negozio
574,Negozio
575,Email
576,Online
577,Negozio
578,Negozio
579,Negozio
580,Negozio
581,Online
582,Negozio
583,Negozio
584,Negozio
585,Online
586,Negozio
587,Online
588,Online
589,Email
590,Negozio
591,Email
592,Online
593,Negozio
594,Online
595,Online
596,Negozio
597,Online
598,Online
599,Online
600,Email
601,Email
602,Negozio
603,Email
604,Negozio
605,Online
606,Negozio
607,Negozio
608,Online
609,Online
610,Negozio
611,Online
612,Email
613,Online
614,Online
615,Negozio
616,Email
617,Online
618,Online
619,Negozio
620,Email
621,Email
622,Email
623,Negozio
624,Email
625,Negozio
626,Email
627,Negozio
628,Online
629,Negozio
630,Negozio
631,Email
632,Negozio
633,Email
634,Email
635,Negozio
636,Email
637,Online
638,Email
639,Email
640,Online
641,Negozio
642,Negozio
643,Email
644,Online
645,Email
646,Negozio
647,Negozio
648,Negozio
649,Negozio
650,Email
651,Negozio
652,Online
653,Email
654,Negozio
655,Online
656,Online
657,Negozio
658,Email
659,Negozio
660,Email
661,Negozio
662,Online
663,Email
664,Email
665,Email
666,Email
667,Online
668,Email
669,Email
670,Online
671,Email
672,Email
673,Email
674,Negozio
675,Negozio
676,Online
677,Online
678,Email
679,Negozio
680,Email
681,Online
682,Negozio
683,Negozio
684,Online
685,Email
686,Online
687,Email
688,Online
689,Online
690,Negozio
691,Email
692,Negozio
693,Email
694,Negozio
695,Negozio
696,Email
697,Online
698,Email
699,Online
700,Email
701,Online
702,Email
703,Negozio
704,Negozio
705,Email
706,Online
707,Email
708,Email
709,Online
710,Email
711,Negozio
712,Email
713,Email
714,Online
715,Email
716,Email
717,Email
718,Online
719,Online
720,Email
721,Online
722,Email
723,Online
724,Email
725,Negozio
726,Online
727,Online
728,Email
729,Online
730,Online
731,Online
732,Email
733,Email
734,Email
735,Online
736,Online
737,Email
738,Email
739,Negozio
740,Negozio
741,Negozio
742,Email
743,Online
744,Negozio
745,Online
746,Online
747,Negozio
748,Online
749,Email
750,Negozio
751,Negozio
752,Negozio
753,Online
754,Online
755,Online
756,Negozio
757,Email
758,Online
759,Negozio
760,Negozio
761,Online
762,Negozio
763,Negozio
764,Email
765,Online
766,Online
767,Online
768,Negozio
769,Negozio
770,Negozio
771,Online
772,Online
773,Email
774,Online
775,Negozio
776,Online
777,Email
778,Online
779,Email
780,Email
781,Online
782,Negozio
783,Online
784,Negozio
785,Online
786,Email
787,Email
788,Negozio
789,Email
790,Negozio
791,Online
792,Email
793,Negozio
794,Online
795,Email
796,Negozio
797,Negozio
798,Online
799,Negozio
800,Online
801,Negozio
802,Online
803,Email
804,Negozio
805,Email
806,Negozio
807,Negozio
808,Negozio
809,Online
810,Online
811,Email
812,Online
813,Online
814,Negozio
815,Online
816,Online
817,Negozio
818,Negozio
819,Online
820,Negozio
821,Online
822,Email
823,Email
824,Negozio
825,Online
826,Negozio
827,Negozio
828,Negozio
829,Negozio
830,Online
831,Email
832,Negozio
833,Negozio
834,Email
835,Email
836,Online
837,Online
838,Negozio
839,Online
840,Negozio
841,Online
842,Email
843,Online
844,Negozio
845,Online
846,Email
847,Email
848,Negozio
849,Online
850,Online
851,Email
852,Email
853,Email
854,Email
855,Negozio
856,Email
857,Negozio
858,Negozio
859,Email
860,Negozio
861,Negozio
862,Email
863,Online
864,Negozio
865,Online
866,Email
867,Online
868,Email
869,Online
870,Email
871,Online
872,Online
873,Negozio
874,Email
875,Negozio
876,Negozio
877,Negozio
878,Negozio
879,Online
880,Email
881,Negozio
882,Negozio
883,Negozio
884,Online
885,Negozio
886,Negozio
887,Negozio
888,Email
889,Online
890,Negozio
891,Negozio
892,Email
893,Email
894,Negozio
895,Email
896,Email
897,Online
898,Online
899,Email
900,Email
901,Online
902,Email
903,Negozio
904,Online
905,Negozio
906,Email
907,Negozio
908,Negozio
909,Email
910,Email
911,Negozio
912,Online
913,Email
914,Online
915,Online
916,Email
917,Email
918,Email
919,Online
920,Email
921,Email
922,Online
923,Negozio
924,Email
925,Online
926,Email
927,Negozio
928,Negozio
929,Online
930,Negozio
931,Negozio
932,Email
933,Email
934,Online
935,Email
936,Online
937,Negozio
938,Online
939,Negozio
940,Negozio
941,Online
942,Email
943,Negozio
944,Online
945,Email
946,Online
947,Online
948,Online
949,Online
950,Negozio
951,Negozio
952,Email
953,Email
954,Online
955,Negozio
956,Email
957,Email
958,Online
959,Online
960,Online
961,Online
962,Email
963,Online
964,Online
965,Online
966,Negozio
967,Email
968,Email
969,Online
970,Negozio
971,Email
972,Email
973,Negozio
974,Online
975,Email
976,Negozio
977,Email
978,Email
979,Negozio
980,Online
981,Negozio
982,Negozio
983,Negozio
984,Negozio
985,Online
986,Email
987,Email
988,Email
989,Negozio
990,Email
991,Email
992,Email
993,Online
994,Online
995,Online
996,Online
997,Online
998,Online
999,Online
1000,Negozio
